{
    "true_density": 0.9211956521739131,
    "pure_true": 0.6956521739130435
}