{
    "true_density": 0.9347826086956522,
    "pure_true": 0.782608695652174
}