{
    "true_density": 0.9266304347826086,
    "pure_true": 0.6956521739130435
}